number,name,event,team_name
001,Nikilan A,PROPRES,Agrinova
001,Sai Pranav R,PROPRES,Agrinova
001,Prajan ,PROPRES,Agrinova
001,,PROPRES,Agrinova
002,Vaishnav Raj A,PROPRES,Team Invinsible
002,Abishek K R,PROPRES,Team Invinsible
002,Yuvaraj M,PROPRES,Team Invinsible
002,Sanjay Kanthan V,PROPRES,Team Invinsible
003,Siva Prasadh B M,PROPRES,Mind Hunters
003,Manish Kumar M,PROPRES,Mind Hunters
003,Ujjwan S,PROPRES,Mind Hunters
003,Naveen,PROPRES,Mind Hunters
004,Thenmozhi.M,PROPRES,Win Storm
005,Kaushik Ganesh,PROPRES,L’Avant-Garde
006,Karthik S,PROPRES,Legion
006,Sridhar S,PROPRES,Legion
006,Aasvin Jebaraj K,PROPRES,Legion
006,Adan Samuel D J,PROPRES,Legion
007,Asmitha.B.R,PROPRES,Asmitha.B.R
008,Prajitha B.S,PROPRES,Plant E
009,Rohit Sahni A ,PROPRES,The Boys 
009,Saravanan S,PROPRES,The Boys 
009,Sharuk K,PROPRES,The Boys 
009,Jithendra Kumar B,PROPRES,The Boys 
008,Sindhu M,PROPRES,Plant E
010,Monica V,PROPRES,Wheather Gardian
011,Hindhuja,PROPRES,Hindhuja
011,Hillda Nissi,PROPRES,Hindhuja
012,Priyanka ,PROPRES,Hl
012,Harshitha,PROPRES,Hl
012,Bavya,PROPRES,Hl
012,Lokesh ,PROPRES,Hl
013,Monisharaj,PROPRES,Tomans
013,Siva Kumar,PROPRES,Tomans
013,Praveen Kumar S,PROPRES,Tomans
013,Rajesh ,PROPRES,Tomans
014,Velaga Vhuvanesh,PROPRES,Titans
015,Velaga Vhuvanesh,PROPRES,Titans
015,Akhileshaadityan S,PROPRES,Titans
015,Brindha A S,PROPRES,Titans
015,Nouf A,PROPRES,Titans
016,Saravanan Ss,PROPRES,Team Saro
016,Parthasarathy,PROPRES,Team Saro
017,Nivetha,PROPRES,Best Of The Best
017,Sadhana,PROPRES,Best Of The Best
017,Shanthini,PROPRES,Best Of The Best
018,Kanagavarshini,PROPRES,Techy Titans
018,Swetha S,PROPRES,Techy Titans
018,Hemapriya D M B,PROPRES,Techy Titans
018,Vijithaparvathi,PROPRES,Techy Titans
019,Mugilan,PROPRES,Nova
019,Mohan S,PROPRES,Nova
019,Abdul Rahaman,PROPRES,Nova
