Reg ID,Role,Name,Email,Phone,College,Department,Year,Degree,Course,Event,Participation Type,Team Name,Status,Payment Status,Transaction ID,ID Card URL,Payment Screenshot,Attendance,Food
699cca0efeec4cee3101f3bf,Team Leader,NIKILAN A,nikilanarul@gmail.com,7299972284,DMI COLLEGE OF ENGINEERING,CSE,3.0,,,PROPRES,Team,AGRINOVA,Verified,Pending,TXN_1771883023345,https://res.cloudinary.com/dtzptw3ou/image/upload/v1771883017/espranza_uploads/v6uncfgoskdrjb58ijsz.jpg,,True,False
699cca0efeec4cee3101f3bf,Member 1,SAI PRANAV R,nikilanarul@gmail.com,9025158355,DMI COLLEGE OF ENGINEERING,CSE,3.0,,,PROPRES,Team,AGRINOVA,Verified,Pending,TXN_1771883023345,,,True,False
699cca0efeec4cee3101f3bf,Member 2,PRAJAN ,nikilanarul@gmail.com,7305252852,DMI COLLEGE OF ENGINEERING,CSE,3.0,,,PROPRES,Team,AGRINOVA,Verified,Pending,TXN_1771883023345,,,True,False
699cca0efeec4cee3101f3bf,Member 3,,nikilanarul@gmail.com,,DMI COLLEGE OF ENGINEERING,CSE,3.0,,,PROPRES,Team,AGRINOVA,Verified,Pending,TXN_1771883023345,,,True,False
699a8c154cb3c25da04e6af8,Team Leader,Vaishnav Raj A,vaishking11@gmail.com,8608065878,Aalim muhammed salegh college of engineering ,Computer science ,3.0,,,PROPRES,Team,Team Invinsible,Verified,Pending,TXN_1771736084357,https://res.cloudinary.com/dtzptw3ou/image/upload/v1771736079/espranza_uploads/q5pqkl4ci5damsxtwf7u.jpg,,True,False
699a8c154cb3c25da04e6af8,Member 1,Abishek K R,vaishking11@gmail.com,8122853143,Aalim muhammed salegh college of engineering ,Computer science ,3.0,,,PROPRES,Team,Team Invinsible,Verified,Pending,TXN_1771736084357,,,True,False
699a8c154cb3c25da04e6af8,Member 2,Yuvaraj M,vaishking11@gmail.com,6369394283,Aalim muhammed salegh college of engineering ,Computer science ,3.0,,,PROPRES,Team,Team Invinsible,Verified,Pending,TXN_1771736084357,,,True,False
699a8c154cb3c25da04e6af8,Member 3,Sanjay kanthan V,vaishking11@gmail.com,7010056267,Aalim muhammed salegh college of engineering ,Computer science ,3.0,,,PROPRES,Team,Team Invinsible,Verified,Pending,TXN_1771736084357,,,True,False
6999d02ff83b4ea8139fe960,Team Leader,Siva Prasadh B M,240686.ee@rmkec.ac.in,9043283921,R.M.K Engineering College,Electrical and Electronics Engineering,2.0,,,PROPRES,Team,Mind Hunters,Verified,Pending,TXN_1771687988326,https://res.cloudinary.com/dtzptw3ou/image/upload/v1771687980/espranza_uploads/c703ruym84syajkumeoh.jpg,,True,False
6999d02ff83b4ea8139fe960,Member 1,Manish Kumar M,240686.ee@rmkec.ac.in,8681064140,R.M.K Engineering College,Electrical and Electronics Engineering,2.0,,,PROPRES,Team,Mind Hunters,Verified,Pending,TXN_1771687988326,,,True,False
6999d02ff83b4ea8139fe960,Member 2,Ujjwan S,240686.ee@rmkec.ac.in,944946548,R.M.K Engineering College,Electrical and Electronics Engineering,2.0,,,PROPRES,Team,Mind Hunters,Verified,Pending,TXN_1771687988326,,,True,False
6999d02ff83b4ea8139fe960,Member 3,Naveen,240686.ee@rmkec.ac.in,91176316710,R.M.K Engineering College,Electrical and Electronics Engineering,2.0,,,PROPRES,Team,Mind Hunters,Verified,Pending,TXN_1771687988326,,,True,False
6999c2d6bba2d24a63c33a6a,Team Leader,Thenmozhi.m,mthenmozhimthenmozhi391@gmail.com,9003116904,Vel tech multi tech dr rangarajan dr sakuntala engineering college ,Biomedical engineering ,3.0,,,PROPRES,Team,Win Storm,Verified,Pending,TXN_1771684564828,https://res.cloudinary.com/dtzptw3ou/image/upload/v1771684562/espranza_uploads/zznhgcgokwadjkz0nbb3.jpg,,True,False
69998c05322e4b1632c40f08,Team Leader,Kaushik Ganesh,kaushikganesh1512@gmail.com,9025413163,Jeppiaar Engineering College ,Computer science and engineering ,3.0,,,PROPRES,Team,L’Avant-Garde,Verified,Pending,TXN_1771670533139,https://res.cloudinary.com/dtzptw3ou/image/upload/v1771669835/espranza_uploads/cffgsh0p0ozwoyaroaxo.jpg,,True,False
6999392a2ceac06906c2496d,Team Leader,Pavithran B,pavithran143.pappu@gmail.com,9345608411,St.peters college of engineering and technology ,Cse,3.0,,,SHORTFLIX,Team,Team rock,Pending,Pending,TXN_1771649320697,https://res.cloudinary.com/dtzptw3ou/image/upload/v1771649110/espranza_uploads/pkge2qbevyjl43filrzg.jpg,,False,False
6999392a2ceac06906c2496d,Member 1,Suriya,pavithran143.pappu@gmail.com,9345743450,St.peters college of engineering and technology ,Cse,3.0,,,SHORTFLIX,Team,Team rock,Pending,Pending,TXN_1771649320697,,,False,False
6999392a2ceac06906c2496d,Member 2,Gopal,pavithran143.pappu@gmail.com,6379583606,St.peters college of engineering and technology ,Cse,3.0,,,SHORTFLIX,Team,Team rock,Pending,Pending,TXN_1771649320697,,,False,False
6999392a2ceac06906c2496d,Member 3,Akshay,pavithran143.pappu@gmail.com,8807243761,St.peters college of engineering and technology ,Cse,3.0,,,SHORTFLIX,Team,Team rock,Pending,Pending,TXN_1771649320697,,,False,False
6997d4068180585fcd907830,Individual,Karthik S,karthikpoormitha@gmail.com,7358458417,Vel tech multi tech Dr Rangarajan Dr shakuntala engineering college ,Artificial intelligence and data science ,1.0,,,FREEZEFRAME,Solo,,Pending,Pending,TXN_1771557894257,,,True,False
6997d34a8180585fcd90781f,Team Leader,Karthik S,karthikpoormitha@gmail.com,7358458417,Vel tech multi tech Dr Rangarajan Dr shakuntala engineering college ,Artificial intelligence and data science ,1.0,,,PROPRES,Team,Legion,Verified,Pending,TXN_1771557705232,https://res.cloudinary.com/dtzptw3ou/image/upload/v1771557703/espranza_uploads/xlmhuie6b7tuoyxo6dye.jpg,,True,False
6997d34a8180585fcd90781f,Member 1,Sridhar S,karthikpoormitha@gmail.com,7603822818,Vel tech multi tech Dr Rangarajan Dr shakuntala engineering college ,Artificial intelligence and data science ,1.0,,,PROPRES,Team,Legion,Verified,Pending,TXN_1771557705232,,,True,False
6997d34a8180585fcd90781f,Member 2,Aasvin jebaraj K,karthikpoormitha@gmail.com,6382268452,Vel tech multi tech Dr Rangarajan Dr shakuntala engineering college ,Artificial intelligence and data science ,1.0,,,PROPRES,Team,Legion,Verified,Pending,TXN_1771557705232,,,True,False
6997d34a8180585fcd90781f,Member 3,ADAN SAMUEL D J,karthikpoormitha@gmail.com,7200493983,Vel tech multi tech Dr Rangarajan Dr shakuntala engineering college ,Artificial intelligence and data science ,1.0,,,PROPRES,Team,Legion,Verified,Pending,TXN_1771557705232,,,True,False
69973b507f1ffd754f88ad09,Team Leader,Asmitha.B.R,23202005@rmd.ac.in,9150955940,R.M.D. ENGINEERING COLLEGE ,Computer Science and Business Systems ,3.0,,,PROPRES,Team,Asmitha.B.R,Verified,Pending,TXN_1771518800045,https://res.cloudinary.com/dtzptw3ou/image/upload/v1771518794/espranza_uploads/hkbpyxq7khchuf5t2vae.jpg,,True,False
699728d57f1ffd754f88a994,Team Leader,Yukesh .T,yukeshmotu420@gmail.com,7200410242,Jnn institutions of engineering Auto mous ,Cse (cybersecurity),1.0,,,SHORTFLIX,Team,Degree Hunters,Pending,Pending,TXN_1771514069037,https://res.cloudinary.com/dtzptw3ou/image/upload/v1771514001/espranza_uploads/m9lt3nzrvhxgtqnq950z.jpg,,False,False
699728d57f1ffd754f88a994,Member 1,Simon pual .p,yukeshmotu420@gmail.com,8838096034,Jnn institutions of engineering Auto mous ,Cse (cybersecurity),1.0,,,SHORTFLIX,Team,Degree Hunters,Pending,Pending,TXN_1771514069037,,,False,False
699728d57f1ffd754f88a994,Member 2,Jai Akash.M,yukeshmotu420@gmail.com,9500904068,Jnn institutions of engineering Auto mous ,Cse (cybersecurity),1.0,,,SHORTFLIX,Team,Degree Hunters,Pending,Pending,TXN_1771514069037,,,False,False
699728d57f1ffd754f88a994,Member 3,Sanjay.P,yukeshmotu420@gmail.com,8870620760,Jnn institutions of engineering Auto mous ,Cse (cybersecurity),1.0,,,SHORTFLIX,Team,Degree Hunters,Pending,Pending,TXN_1771514069037,,,False,False
699721757f1ffd754f88a7ad,Team Leader,Akash. M,akashm510152akash@gmail.com,9342801984,Vel tech multi tech,Information technology ,1.0,,,VISIONX,Team,Akash. M,Verified,Pending,TXN_1771512182351,https://res.cloudinary.com/dtzptw3ou/image/upload/v1771512174/espranza_uploads/sco5pudqpeniswphgwkv.jpg,,False,False
699721757f1ffd754f88a7ad,Member 1,Santhosh. R,akashm510152akash@gmail.com,+91 80560 05557,Vel tech multi tech,Information technology ,1.0,,,VISIONX,Team,Akash. M,Verified,Pending,TXN_1771512182351,,,False,False
699721757f1ffd754f88a7ad,Member 2,Keerthivasan. V,akashm510152akash@gmail.com,+91 88708 53478,Vel tech multi tech,Information technology ,1.0,,,VISIONX,Team,Akash. M,Verified,Pending,TXN_1771512182351,,,False,False
699721757f1ffd754f88a7ad,Member 3,Muthukumar. N,akashm510152akash@gmail.com,+91 77088 12733,Vel tech multi tech,Information technology ,1.0,,,VISIONX,Team,Akash. M,Verified,Pending,TXN_1771512182351,,,False,False
699718557f1ffd754f88a672,Individual,ABHINASH SH ,abhinash07032007@gmail.com,8015797979,Vel tech multi tech Dr rangarajan Dr sakunthala engineering college ,EEE ,2.0,,,FREEZEFRAME,Solo,,Pending,Pending,TXN_1771509843544,,,False,False
6996f11b6c6fc412e86be323,Team Leader,Jas Anto Evangelin T ,lalithapriyanka2003@gmail.com,9361062054,St Peter's college of engineering and technology ,AI and DS,2.0,,,VISIONX,Team,Ramya and team,Verified,Pending,TXN_1771499801611,https://res.cloudinary.com/dtzptw3ou/image/upload/v1771499739/espranza_uploads/gu8csxuewdxra1ue1hgb.jpg,,False,False
6996f11b6c6fc412e86be323,Member 1,Ramya R,lalithapriyanka2003@gmail.com,9500350980,St Peter's college of engineering and technology ,AI and DS,2.0,,,VISIONX,Team,Ramya and team,Verified,Pending,TXN_1771499801611,,,False,False
6996f11b6c6fc412e86be323,Member 2,Suseetha Iyline C ,lalithapriyanka2003@gmail.com,8015054127,St Peter's college of engineering and technology ,AI and DS,2.0,,,VISIONX,Team,Ramya and team,Verified,Pending,TXN_1771499801611,,,False,False
6996f11b6c6fc412e86be323,Member 3,Priyanka S,lalithapriyanka2003@gmail.com,9840397086,St Peter's college of engineering and technology ,AI and DS,2.0,,,VISIONX,Team,Ramya and team,Verified,Pending,TXN_1771499801611,,,False,False
6996b1c62b3a478f42778900,Team Leader,Kishore Kalyan ,kishorekal06@gmail.com,9790751744,SRM University ,Computer Science ,2.0,,,HACKATHON,Team,Hyper X,Verified,Pending,TXN_1771483588394,https://res.cloudinary.com/dtzptw3ou/image/upload/v1771483309/espranza_uploads/kesyldul89kefujgytvr.jpg,,False,False
6996b1c62b3a478f42778900,Member 1,Kavin Kumar S,kishorekal06@gmail.com,7010230635,SRM University ,Computer Science ,2.0,,,HACKATHON,Team,Hyper X,Verified,Pending,TXN_1771483588394,,,False,False
6996b1c62b3a478f42778900,Member 2,Rohaan,kishorekal06@gmail.com,9008483209,SRM University ,Computer Science ,2.0,,,HACKATHON,Team,Hyper X,Verified,Pending,TXN_1771483588394,,,False,False
6996b1c62b3a478f42778900,Member 3,Vikas Reddy,kishorekal06@gmail.com,6302861706,SRM University ,Computer Science ,2.0,,,HACKATHON,Team,Hyper X,Verified,Pending,TXN_1771483588394,,,False,False
6996af662b3a478f427788e7,Individual,Prince zac P,princezac1111@gmail.com,7338791888,Veltech multitech ,Bio medical,1.0,,,FREEZEFRAME,Solo,,Pending,Pending,TXN_1771482982416,,,False,False
6996aae92b3a478f427788c6,Team Leader,S Subin Joel Prasanna ,prasannasubin@gmail.com,8608752794,SRM INSTITUTE OF SCIENCE AND TECHNOLOGY Ramapuram ,Computer science ,2.0,,,HACKATHON,Team,  Wolves of winterfell ,Verified,Pending,TXN_1771481833468,https://res.cloudinary.com/dtzptw3ou/image/upload/v1771481806/espranza_uploads/voszcaedow6uzr5v75zc.jpg,,False,False
6996aae92b3a478f427788c6,Member 1,L B Baalaji ,prasannasubin@gmail.com,8072384795,SRM INSTITUTE OF SCIENCE AND TECHNOLOGY Ramapuram ,Computer science ,2.0,,,HACKATHON,Team,  Wolves of winterfell ,Verified,Pending,TXN_1771481833468,,,False,False
6996aae92b3a478f427788c6,Member 2,Tarindra G ,prasannasubin@gmail.com,9940489800,SRM INSTITUTE OF SCIENCE AND TECHNOLOGY Ramapuram ,Computer science ,2.0,,,HACKATHON,Team,  Wolves of winterfell ,Verified,Pending,TXN_1771481833468,,,False,False
6996aae92b3a478f427788c6,Member 3,Siddarth Guru Prasad ,prasannasubin@gmail.com,6301458633,SRM INSTITUTE OF SCIENCE AND TECHNOLOGY Ramapuram ,Computer science ,2.0,,,HACKATHON,Team,  Wolves of winterfell ,Verified,Pending,TXN_1771481833468,,,False,False
6996a9e92b3a478f427788a9,Team Leader,Kannan S,kannan34790@gmail.com,7904830649,SRM University ,Computer science ,2.0,,,HACKATHON,Team,Marvellous Tech,Verified,Pending,TXN_1771481575956,https://res.cloudinary.com/dtzptw3ou/image/upload/v1771481537/espranza_uploads/xa2eylsk6zeajapdl52w.jpg,,False,False
6996a9e92b3a478f427788a9,Member 1,Kethan Kumar S,kannan34790@gmail.com,9345110861,SRM University ,Computer science ,2.0,,,HACKATHON,Team,Marvellous Tech,Verified,Pending,TXN_1771481575956,,,False,False
6996a9e92b3a478f427788a9,Member 2,Siva Shankar R,kannan34790@gmail.com,9361076034,SRM University ,Computer science ,2.0,,,HACKATHON,Team,Marvellous Tech,Verified,Pending,TXN_1771481575956,,,False,False
6996a9e92b3a478f427788a9,Member 3,Pranav Kumar A,kannan34790@gmail.com,8778170657,SRM University ,Computer science ,2.0,,,HACKATHON,Team,Marvellous Tech,Verified,Pending,TXN_1771481575956,,,False,False
6996a91e2b3a478f4277889e,Individual,Dhanush V,venkatesankavitha221@gmail.com,9498076779,Veltech multitech ,Bio medical,1.0,,,FREEZEFRAME,Solo,,Pending,Pending,TXN_1771481374375,,,False,False
6996a89b2b3a478f4277886f,Individual,Thirupathi A,arumugamthirupathi412@gmail.com,8667530800,Veltech multitech ,Bio medical,1.0,,,FREEZEFRAME,Solo,,Pending,Pending,TXN_1771481243525,,,False,False
6996a7f12b3a478f42778865,Individual,SREEHARI N,haxi0620@gmail.com,9941474031,Veltech multitech,Bio medical ,1.0,,,FREEZEFRAME,Solo,,Pending,Pending,TXN_1771481073292,,,False,False
6996a70c2b3a478f4277884f,Team Leader,Jagadesh waran G,priyansana07@gmail.com,8825865062,Vel tech multi tech Engineering college,CSBS,3.0,,,VISIONX,Team,Boys of thrones,Verified,Pending,TXN_1771480842915,https://res.cloudinary.com/dtzptw3ou/image/upload/v1771480839/espranza_uploads/d1gspihlfoeyqcnn4jcs.jpg,,True,False
6996a70c2b3a478f4277884f,Member 1,Santhosh kumar J,priyansana07@gmail.com,6374424674,Vel tech multi tech Engineering college,CSBS,3.0,,,VISIONX,Team,Boys of thrones,Verified,Pending,TXN_1771480842915,,,True,False
6996a70c2b3a478f4277884f,Member 2,Jagadeesh,priyansana07@gmail.com,8110057344,Vel tech multi tech Engineering college,CSBS,3.0,,,VISIONX,Team,Boys of thrones,Verified,Pending,TXN_1771480842915,,,True,False
6996a70c2b3a478f4277884f,Member 3,Shanmugapriyan S,priyansana07@gmail.com,9043024062,Vel tech multi tech Engineering college,CSBS,3.0,,,VISIONX,Team,Boys of thrones,Verified,Pending,TXN_1771480842915,,,True,False
699698862b3a478f427786ec,Team Leader,Gnaneshwaran P,gnaneshwaran192005@gmail.com,7092531467,Veltech university ,COMPUTER SCIENCE ,2.0,,,HACKATHON,Team,Akatsuki,Verified,Pending,TXN_1771477054934,https://res.cloudinary.com/dtzptw3ou/image/upload/v1771477041/espranza_uploads/s4nu3xv42odmlhi2udnn.jpg,,False,False
699698862b3a478f427786ec,Member 1,M THANNEERMALAI ,gnaneshwaran192005@gmail.com,8438847499,Veltech university ,COMPUTER SCIENCE ,2.0,,,HACKATHON,Team,Akatsuki,Verified,Pending,TXN_1771477054934,,,False,False
699698862b3a478f427786ec,Member 2,Pradeep kumar ,gnaneshwaran192005@gmail.com,7092208540,Veltech university ,COMPUTER SCIENCE ,2.0,,,HACKATHON,Team,Akatsuki,Verified,Pending,TXN_1771477054934,,,False,False
699698862b3a478f427786ec,Member 3,Manikandan ,gnaneshwaran192005@gmail.com,9361872645,Veltech university ,COMPUTER SCIENCE ,2.0,,,HACKATHON,Team,Akatsuki,Verified,Pending,TXN_1771477054934,,,False,False
699692fb2b3a478f4277868b,Individual,Dhinakaran G,dhinakarang2707@gmail.com,9940267978,Vel tech multi tech engineering college ,Electrical and electronics engineering ,2.0,,,FREEZEFRAME,Solo,,Pending,Pending,TXN_1771475705793,,,False,False
699692a42b3a478f42778689,Individual,SARAVANAN,bsaravanan161@gmail.com,8189968121,Vel tech multi tech ,EEE,2.0,,,FREEZEFRAME,Solo,,Pending,Pending,TXN_1771475619200,,,False,False
699688382b3a478f42778557,Team Leader,Praneet.R.S ,rspraneet68@gmail.com,9498047878,"S.R.M. INSTITUTE OF SCIENCE AND TECHNOLOGY,  RAMAPURAM ",Computer Science and Engineering ,3.0,,,HACKATHON,Team,TITOON ,Verified,Pending,TXN_1771472952694,https://res.cloudinary.com/dtzptw3ou/image/upload/v1771472944/espranza_uploads/zrg8f0qxdzhe0xiokmxx.jpg,,True,False
699688382b3a478f42778557,Member 1,Chandramoulishwarar.K ,rspraneet68@gmail.com,8925418883,"S.R.M. INSTITUTE OF SCIENCE AND TECHNOLOGY,  RAMAPURAM ",Computer Science and Engineering ,3.0,,,HACKATHON,Team,TITOON ,Verified,Pending,TXN_1771472952694,,,True,False
699688382b3a478f42778557,Member 2,Lalith Kishore N C ,rspraneet68@gmail.com,6380540389,"S.R.M. INSTITUTE OF SCIENCE AND TECHNOLOGY,  RAMAPURAM ",Computer Science and Engineering ,3.0,,,HACKATHON,Team,TITOON ,Verified,Pending,TXN_1771472952694,,,True,False
699688382b3a478f42778557,Member 3,Jeevithdhakshin.K ,rspraneet68@gmail.com,7010200213,"S.R.M. INSTITUTE OF SCIENCE AND TECHNOLOGY,  RAMAPURAM ",Computer Science and Engineering ,3.0,,,HACKATHON,Team,TITOON ,Verified,Pending,TXN_1771472952694,,,True,False
699686462b3a478f42778546,Team Leader,Prajitha B.S,prajithabs2007@gmail.com,7397362268,Srm institute of science and technology ramapuram ,Computer science ,1.0,,,PROPRES,Team,Plant E,Verified,Pending,TXN_1771472453829,https://res.cloudinary.com/dtzptw3ou/image/upload/v1771472451/espranza_uploads/aqv4l7vtopiia4jvtedk.jpg,,True,False
6995fb28ccf9c136c32bb638,Team Leader,Yogeshvarma A,yogeshvarma82895@gmail.com,8248677210,Vel tech University ,Computer science ,2.0,,,HACKATHON,Team,COUR FOUR ,Verified,Pending,TXN_1771436838693,https://res.cloudinary.com/dtzptw3ou/image/upload/v1771436838/espranza_uploads/jizlkegntgx2k8gcicar.jpg,,False,False
6995fb28ccf9c136c32bb638,Member 1,Kaamesh kumar PR ,yogeshvarma82895@gmail.com,9504455669,Vel tech University ,Computer science ,2.0,,,HACKATHON,Team,COUR FOUR ,Verified,Pending,TXN_1771436838693,,,False,False
6995fb28ccf9c136c32bb638,Member 2,Kaamal Riyaz ,yogeshvarma82895@gmail.com,9444101335,Vel tech University ,Computer science ,2.0,,,HACKATHON,Team,COUR FOUR ,Verified,Pending,TXN_1771436838693,,,False,False
6995fb28ccf9c136c32bb638,Member 3,Mohan raj ,yogeshvarma82895@gmail.com,7806991787,Vel tech University ,Computer science ,2.0,,,HACKATHON,Team,COUR FOUR ,Verified,Pending,TXN_1771436838693,,,False,False
6995deb9dd8bb38276bcc052,Individual,Viswanaath A G,viswanaathag10e25@gmail.com,7358166555,Vel tech high tech Dr Rangarajan Dr sakunthala engineering college ,Artificial intelligence and data science ,2.0,,,FREEZEFRAME,Solo,,Pending,Pending,TXN_1771429561535,,,False,False
6995dae6dd8bb38276bcbff6,Individual,Saravan siddharth.R ,Saravansiddharth05@gmail.com,9597402437,Vel tech high tech,AIDS,2.0,,,FREEZEFRAME,Solo,,Pending,Pending,TXN_1771428582213,,,False,False
6995d5fbdd8bb38276bcbefd,Team Leader,PATHRA SHAKTHI S A,pathrashakthioffical@gmail.com,9444088815,PANIMALAR ENGINEERING COLLEGE,CSE,3.0,,,HACKATHON,Team,Blooming buds,Verified,Pending,TXN_1771427323094,https://res.cloudinary.com/dtzptw3ou/image/upload/v1771427248/espranza_uploads/dubcqyjamgkrlkb6mwxg.jpg,,False,False
6995d5fbdd8bb38276bcbefd,Member 1,Divya Dharshini S,pathrashakthioffical@gmail.com,6369850693,PANIMALAR ENGINEERING COLLEGE,CSE,3.0,,,HACKATHON,Team,Blooming buds,Verified,Pending,TXN_1771427323094,,,False,False
6995d5fbdd8bb38276bcbefd,Member 2,PAVITHRRA SHAKTHI S A,pathrashakthioffical@gmail.com,7871513038,PANIMALAR ENGINEERING COLLEGE,CSE,3.0,,,HACKATHON,Team,Blooming buds,Verified,Pending,TXN_1771427323094,,,False,False
6995d5fbdd8bb38276bcbefd,Member 3,Sanjhana R S,pathrashakthioffical@gmail.com,+91 88709 39383,PANIMALAR ENGINEERING COLLEGE,CSE,3.0,,,HACKATHON,Team,Blooming buds,Verified,Pending,TXN_1771427323094,,,False,False
6995c0f40f3c1e04d6a0237b,Individual,Anugraha Saji,anugrahasaji0509@gmail.com,6369620469,Veltech Multitech college,ELECTRONIC AMD COMMUNICATION,1.0,,,FREEZEFRAME,Solo,,Pending,Pending,TXN_1771421940719,,,False,False
6995932ef0b1f21bdde97876,Team Leader,ABIRAMI D,abiramidilli2007@gmail.com,6379193554,Vel tech high tech Engineering College ,ARTIFICIAL INTELLIGENCE AND DATA SCIENCE ,1.0,,,VISIONX,Team,TriByte,Verified,Pending,TXN_1771410221895,https://res.cloudinary.com/dtzptw3ou/image/upload/v1771410218/espranza_uploads/sou4jzfxqb9tichu9yai.jpg,,False,False
6995932ef0b1f21bdde97876,Member 1,ARULMOZHI M,abiramidilli2007@gmail.com,+919884768221,Vel tech high tech Engineering College ,ARTIFICIAL INTELLIGENCE AND DATA SCIENCE ,1.0,,,VISIONX,Team,TriByte,Verified,Pending,TXN_1771410221895,,,False,False
6995932ef0b1f21bdde97876,Member 2,GOBHIKA S,abiramidilli2007@gmail.com,8428320889,Vel tech high tech Engineering College ,ARTIFICIAL INTELLIGENCE AND DATA SCIENCE ,1.0,,,VISIONX,Team,TriByte,Verified,Pending,TXN_1771410221895,,,False,False
699592fef0b1f21bdde97874,Individual,Gracy T,gracymoon1508@gmail.com,9940152285,Veltech Multitech Dr. Rangarajan Dr. Sakunthala Engineering College.,Electronics and communication engineering ,1.0,,,FREEZEFRAME,Solo,,Pending,Pending,TXN_1771410172942,,,False,False
69958cf9f0b1f21bdde97842,Individual,AARON.A,aaronaaron99721@gmail.com,8610231986,Vel tech multi tech dr.rangarajan dr.sakunthala engineering college ,AIDS,1.0,,,FREEZEFRAME,Solo,,Pending,Pending,TXN_1771408633468,,,False,False
69956dc588a3f896da1d7115,Team Leader,Lingeswaran V ,rakeshsivanesan@gmail.com,9042039109,Vel Tech Multi Tech Engineering college ,AI DS,3.0,,,HACKATHON,Team,Thadaladi ,Verified,Pending,TXN_1771400643818,https://res.cloudinary.com/dtzptw3ou/image/upload/v1771400641/espranza_uploads/j2b2crpkxtfjzojcove7.jpg,,False,False
69956dc588a3f896da1d7115,Member 1,Rakesh S,rakeshsivanesan@gmail.com,7845524162,Vel Tech Multi Tech Engineering college ,AI DS,3.0,,,HACKATHON,Team,Thadaladi ,Verified,Pending,TXN_1771400643818,,,False,False
69956dc588a3f896da1d7115,Member 2,Raghul J,rakeshsivanesan@gmail.com,7010412983,Vel Tech Multi Tech Engineering college ,AI DS,3.0,,,HACKATHON,Team,Thadaladi ,Verified,Pending,TXN_1771400643818,,,False,False
69947d79187878b0648402f4,Team Leader,Vedprajeith D,vedpranav0@gmail.com,9360584600,SRM University of science and technology ,Computer science ,2.0,,,HACKATHON,Team,Tarentokuru ,Verified,Pending,TXN_1771339128856,https://res.cloudinary.com/dtzptw3ou/image/upload/v1771339127/espranza_uploads/hts41izszy9m6thfr6me.jpg,,False,False
69947d79187878b0648402f4,Member 1,Swethaa.K,vedpranav0@gmail.com, 90030 33614,SRM University of science and technology ,Computer science ,2.0,,,HACKATHON,Team,Tarentokuru ,Verified,Pending,TXN_1771339128856,,,False,False
69947d79187878b0648402f4,Member 2,Rupesh R,vedpranav0@gmail.com, 73387 26144,SRM University of science and technology ,Computer science ,2.0,,,HACKATHON,Team,Tarentokuru ,Verified,Pending,TXN_1771339128856,,,False,False
69947d79187878b0648402f4,Member 3,Rashmitha J,vedpranav0@gmail.com,91779 35404,SRM University of science and technology ,Computer science ,2.0,,,HACKATHON,Team,Tarentokuru ,Verified,Pending,TXN_1771339128856,,,False,False
69947ca6187878b0648402ea,Team Leader,Parameshwaran B,imparameshwaran@gmail.com,9003842345,Veltechmultitech ,Mechanical ,4.0,,,SHORTFLIX,Team,Team Shadow ,Pending,Pending,TXN_1771338917966,https://res.cloudinary.com/dtzptw3ou/image/upload/v1771338913/espranza_uploads/ulux9o19e2gfkllsd88d.jpg,,False,False
6994772a187878b06484027a,Team Leader,Jeevith K,jeeviththunderjoe@gmail.com,8778389763,veltech Multitech Dr Rangarajan Dr shakuthala Engineering college ,Computer Science and business System,3.0,,,VISIONX,Team,Jeevx Studios,Verified,Pending,TXN_1771337512922,https://res.cloudinary.com/dtzptw3ou/image/upload/v1771337511/espranza_uploads/yxlcqffivtubnun888nv.jpg,,True,False
699446077330f3c8a9681af4,Team Leader,Sanjana S,sanjanasugumar23@gmail.com,8637491550,Panimalar Engineering College ,Computer Science and Business System ,3.0,,,HACKATHON,Team,Blank,Verified,Pending,TXN_1771324934830,https://res.cloudinary.com/dtzptw3ou/image/upload/v1771324923/espranza_uploads/b17vm9wqu6alyimvnkdb.jpg,,False,False
699446077330f3c8a9681af4,Member 1,Renuka R,sanjanasugumar23@gmail.com,7305974402,Panimalar Engineering College ,Computer Science and Business System ,3.0,,,HACKATHON,Team,Blank,Verified,Pending,TXN_1771324934830,,,False,False
699446077330f3c8a9681af4,Member 2,Roshini S,sanjanasugumar23@gmail.com,9179453446,Panimalar Engineering College ,Computer Science and Business System ,3.0,,,HACKATHON,Team,Blank,Verified,Pending,TXN_1771324934830,,,False,False
699446077330f3c8a9681af4,Member 3,Kavini AN,sanjanasugumar23@gmail.com,9566030448,Panimalar Engineering College ,Computer Science and Business System ,3.0,,,HACKATHON,Team,Blank,Verified,Pending,TXN_1771324934830,,,False,False
69940686a6be360898daa527,Team Leader,Mohamed akif s ,mohamedakif19gtr@gmail.com,9344031686,Hindustan institute of technology and science ,CSE - AI&ML,2.0,,,HACKATHON,Team,Byte_Benders,Verified,Pending,TXN_1771308676417,https://res.cloudinary.com/dtzptw3ou/image/upload/v1771308665/espranza_uploads/o5jp974macgpxt3fdqhq.jpg,,False,False
69940686a6be360898daa527,Member 1,Sai prasath s,mohamedakif19gtr@gmail.com,9080097148,Hindustan institute of technology and science ,CSE - AI&ML,2.0,,,HACKATHON,Team,Byte_Benders,Verified,Pending,TXN_1771308676417,,,False,False
69940686a6be360898daa527,Member 2,K pavan manideep,mohamedakif19gtr@gmail.com,6300393875,Hindustan institute of technology and science ,CSE - AI&ML,2.0,,,HACKATHON,Team,Byte_Benders,Verified,Pending,TXN_1771308676417,,,False,False
69940686a6be360898daa527,Member 3,Arunraj v,mohamedakif19gtr@gmail.com,9342841018,Hindustan institute of technology and science ,CSE - AI&ML,2.0,,,HACKATHON,Team,Byte_Benders,Verified,Pending,TXN_1771308676417,,,False,False
69940671a6be360898daa524,Individual,Joel Iyban,joeliyban07@gmail.com,8300388270,Vel Tech Multi Tech Dr.Rangarajan Dr.Sakunthala  Engineering  College(Autonomous),ECE,1.0,,,FREEZEFRAME,Solo,,Pending,Pending,TXN_1771308656308,,,False,False
69940651a6be360898daa51b,Individual,LOKESH VARAN K,klokeshvarano@gmail.com,9345950881,Veltech multitech ,ECE,1.0,,,FREEZEFRAME,Solo,,Pending,Pending,TXN_1771308624637,,,False,False
6993c33a31f0801885bc7d55,Team Leader,Shreema,vishalmaady@gmail.com,6369749329,Panimalar Engineering college ,Computer Science and Business System ,3.0,,,HACKATHON,Team,Tech hunters,Verified,Pending,TXN_1771291449415,https://res.cloudinary.com/dtzptw3ou/image/upload/v1771291207/espranza_uploads/bw2jt89if6erh1netuaz.jpg,,False,False
6993c33a31f0801885bc7d55,Member 1,Ashwin,vishalmaady@gmail.com,7845522605,Panimalar Engineering college ,Computer Science and Business System ,3.0,,,HACKATHON,Team,Tech hunters,Verified,Pending,TXN_1771291449415,,,False,False
6993c33a31f0801885bc7d55,Member 2,Samuelgodson,vishalmaady@gmail.com,8939152972,Panimalar Engineering college ,Computer Science and Business System ,3.0,,,HACKATHON,Team,Tech hunters,Verified,Pending,TXN_1771291449415,,,False,False
6993c33a31f0801885bc7d55,Member 3,,vishalmaady@gmail.com,,Panimalar Engineering college ,Computer Science and Business System ,3.0,,,HACKATHON,Team,Tech hunters,Verified,Pending,TXN_1771291449415,,,False,False
6993ba0031f0801885bc7d23,Team Leader,Yuvanthika.M.S ,yuvanthikams@gmail.com,9500158055,Panimalar engineering college ,Computer Science and business systems ,3.0,,,HACKATHON,Team,Iron titans,Verified,Pending,TXN_1771289087785,https://res.cloudinary.com/dtzptw3ou/image/upload/v1771289072/espranza_uploads/yw3u1q1n3uprzu4iukcl.jpg,,False,False
6993ba0031f0801885bc7d23,Member 1,Sreekamali J,yuvanthikams@gmail.com,9042388995,Panimalar engineering college ,Computer Science and business systems ,3.0,,,HACKATHON,Team,Iron titans,Verified,Pending,TXN_1771289087785,,,False,False
6993ba0031f0801885bc7d23,Member 2,Steffi Sharon S ,yuvanthikams@gmail.com,9025499021,Panimalar engineering college ,Computer Science and business systems ,3.0,,,HACKATHON,Team,Iron titans,Verified,Pending,TXN_1771289087785,,,False,False
699354ffb16e39b5b154658a,Individual,DHANSUKH P,dp924848@gmail.com,7358199973,Vel Tech Multi Tech Dr.Rangarajan Dr.Sakunthala Engineering College,artificial intelligence and data science,1.0,,,FREEZEFRAME,Solo,,Pending,Pending,TXN_1771263231378,,,False,False
69934bbcc92ab60ef83967e6,Team Leader,Gubendhiraperumal ,gubichakravarthi@gmail.com,9751507796,Veltech School of Law,B.Com LLB,4.0,,,SHORTFLIX,Team,FeelsGood Creators,Pending,Pending,TXN_1771260860259,https://res.cloudinary.com/dtzptw3ou/image/upload/v1771260849/espranza_uploads/qa9vawqso3rkbtbwwzwu.jpg,,False,False
69934bbcc92ab60ef83967e6,Member 1,Niranjan,gubichakravarthi@gmail.com,+91 93425 26260,Veltech School of Law,B.Com LLB,4.0,,,SHORTFLIX,Team,FeelsGood Creators,Pending,Pending,TXN_1771260860259,,,False,False
69934bbcc92ab60ef83967e6,Member 2,Heamnath ,gubichakravarthi@gmail.com,+91 79045 68571,Veltech School of Law,B.Com LLB,4.0,,,SHORTFLIX,Team,FeelsGood Creators,Pending,Pending,TXN_1771260860259,,,False,False
699338047e0b3a3529c904ef,Team Leader,DEVAPRASANTH G,devaprasanth48@gmail.com,8610811253,SRM VALLIAMMAI ENGINEERING COLLEGE ,Computer science ,3.0,,,HACKATHON,Team,HACOPS,Verified,Pending,TXN_1771255811679,https://res.cloudinary.com/dtzptw3ou/image/upload/v1771255635/espranza_uploads/aoxbwrdpxsjxqhxdoh4d.jpg,,False,False
699338047e0b3a3529c904ef,Member 1,GODLIN BLESSAN S P,devaprasanth48@gmail.com,9486991363,SRM VALLIAMMAI ENGINEERING COLLEGE ,Computer science ,3.0,,,HACKATHON,Team,HACOPS,Verified,Pending,TXN_1771255811679,,,False,False
699338047e0b3a3529c904ef,Member 2,HARISHKUMAR S,devaprasanth48@gmail.com,88075 40331,SRM VALLIAMMAI ENGINEERING COLLEGE ,Computer science ,3.0,,,HACKATHON,Team,HACOPS,Verified,Pending,TXN_1771255811679,,,False,False
699338047e0b3a3529c904ef,Member 3,BALAMANIGANDAN,devaprasanth48@gmail.com,7094221515,SRM VALLIAMMAI ENGINEERING COLLEGE ,Computer science ,3.0,,,HACKATHON,Team,HACOPS,Verified,Pending,TXN_1771255811679,,,False,False
699310b9a8c60b81691c177a,Team Leader,Nirmal Kanna,nirmalgopalan2007@gmail.com,8825634577,Vel twch multi tech,Artificial intelligence and data science,1.0,,,SHORTFLIX,Team,Twist frame ,Pending,Pending,TXN_1771245753195,https://res.cloudinary.com/dtzptw3ou/image/upload/v1771245675/espranza_uploads/u4adbapb1hmzqs5hxy1k.jpg,,False,False
699310b9a8c60b81691c177a,Member 1,Afzal khan ,nirmalgopalan2007@gmail.com,+91 82489 52065,Vel twch multi tech,Artificial intelligence and data science,1.0,,,SHORTFLIX,Team,Twist frame ,Pending,Pending,TXN_1771245753195,,,False,False
699310b9a8c60b81691c177a,Member 2,Vishal,nirmalgopalan2007@gmail.com,+91 98842 10579,Vel twch multi tech,Artificial intelligence and data science,1.0,,,SHORTFLIX,Team,Twist frame ,Pending,Pending,TXN_1771245753195,,,False,False
699310b9a8c60b81691c177a,Member 3,Naveen,nirmalgopalan2007@gmail.com,+91 88076 58508,Vel twch multi tech,Artificial intelligence and data science,1.0,,,SHORTFLIX,Team,Twist frame ,Pending,Pending,TXN_1771245753195,,,False,False
6992beaa8ec909e73db61854,Team Leader,Rohit sahni A ,rohitsahni.755@gmail.com,7550255086,Vel tech multi tech ,DI AND DS ,1.0,,,PROPRES,Team,The boys ,Verified,Pending,TXN_1771224744228,https://res.cloudinary.com/dtzptw3ou/image/upload/v1771224707/espranza_uploads/r0shjtq0guz6aws1jioz.jpg,,True,False
6992beaa8ec909e73db61854,Member 1,Saravanan s,rohitsahni.755@gmail.com,9445142223,Vel tech multi tech ,DI AND DS ,1.0,,,PROPRES,Team,The boys ,Verified,Pending,TXN_1771224744228,,,True,False
6992beaa8ec909e73db61854,Member 2,Sharuk k,rohitsahni.755@gmail.com,6382871447,Vel tech multi tech ,DI AND DS ,1.0,,,PROPRES,Team,The boys ,Verified,Pending,TXN_1771224744228,,,True,False
6992beaa8ec909e73db61854,Member 3,Jithendra kumar b,rohitsahni.755@gmail.com,9363526231,Vel tech multi tech ,DI AND DS ,1.0,,,PROPRES,Team,The boys ,Verified,Pending,TXN_1771224744228,,,True,False
699686462b3a478f42778546,Member 1,Sindhu M,prajithabs2007@gmail.com,9843808521,Srm institute of science and technology ramapuram ,Computer science ,1.0,,,PROPRES,Team,Plant E,Verified,Pending,TXN_1771472453829,,,True,False
SPOT_081150,Team Leader,Monica V,venkateshmonica253@gmail.com,9710675396,Jepiar institue of engineering college,,,,,PROPRES,,wheather gardian,,,,,,True,False
SPOT_081430,Team Leader,Hindhuja,mhinduja531@gmail.com,8667309800,Loyala institue of engineering college,,,,,PROPRES,,Hindhuja,,,,,,True,False
SPOT_081430,Member,Hillda Nissi,mhinduja531@gmail.com,8428213799,Loyala institue of engineering college,,,,,PROPRES,,Hindhuja,,,,,,True,False
SPOT_082832,Team Leader,Sandeep R,sandeep170905@gmail.com,6369519310,Vel tech multi tech engineering college,,,,,VISIONX,,spartans,,,,,,True,False
SPOT_082832,Member,Ajith R,sandeep170905@gmail.com,950020049,Vel tech multi tech engineering college,,,,,VISIONX,,spartans,,,,,,True,False
SPOT_082832,Member,Akash Kumar G,sandeep170905@gmail.com,8870671630,Vel tech multi tech engineering college,,,,,VISIONX,,spartans,,,,,,True,False
SPOT_084050,Team Leader,Sinchan Kumar Dey P,psinchan1@gmail.com,8778658865,Vel tech High tech Engineering college,,,,,HACKATHON,,Tech verse,,,,,,True,False
SPOT_084050,Member,Sai Prasad M,psinchan1@gmail.com,9123510271,Vel tech High tech Engineering college,,,,,HACKATHON,,Tech verse,,,,,,True,False
SPOT_084050,Member,Bhuvanesh S,psinchan1@gmail.com,9363445366,Vel tech High tech Engineering college,,,,,HACKATHON,,Tech verse,,,,,,True,False
SPOT_084050,Member,Tamil Vanan G,psinchan1@gmail.com,9360070471,Vel tech High tech Engineering college,,,,,HACKATHON,,Tech verse,,,,,,True,False
SPOT_084344,Team Leader,Gangesh R,240036.cs@rmkec.ac.in,9360735501,RMK engineering college,,,,,HACKATHON,,Visionx,,,,,,True,False
SPOT_084344,Member,Diyanesh T,240036.cs@rmkec.ac.in,9962441202,RMK engineering college,,,,,HACKATHON,,Visionx,,,,,,True,False
SPOT_085415,Team Leader,Priyanka ,priyankahello76@gmail.com,9025643183,St peters engineering college,,,,,PROPRES,,HL,,,,,,True,False
SPOT_085415,Member,Harshitha,priyankahello76@gmail.com,6379763221,St peters engineering college,,,,,PROPRES,,HL,,,,,,True,False
SPOT_085415,Member,Bavya,priyankahello76@gmail.com,7604955728,St peters engineering college,,,,,PROPRES,,HL,,,,,,True,False
SPOT_085415,Member,Lokesh ,priyankahello76@gmail.com,6382456147,St peters engineering college,,,,,PROPRES,,HL,,,,,,True,False
SPOT_090921,Team Leader,Harini,kalpanaanandan836@gmail.com,6381693764,Velamal Engineering college,,,,,VISIONX,,Harini,,,,,,True,False
SPOT_090921,Member,Kalpana,kalpanaanandan836@gmail.com,9840450331,Velamal Engineering college,,,,,VISIONX,,Harini,,,,,,True,False
SPOT_091159,Team Leader,Naveen Kumar,naveenganesh857@gmail.com,9962039256,Vel tech multi tech Engineering collegeg,,,,,FREEZEFRAME,,Naveen Kumar,,,,,,True,False
SPOT_091203,Team Leader,Naveen Kumar,naveenganesh857@gmail.com,9962039256,Vel tech multi tech Engineering collegeg,,,,,FREEZEFRAME,,Naveen Kumar,,,,,,True,False
SPOT_091240,Team Leader,Hariharan,hariharan17062000@gmail.com,7092012978,,,,,,FREEZEFRAME,,Hariharan,,,,,,True,False
SPOT_091729,Team Leader,Monisharaj,monishmonishraj791@gmail.com,9342964489,Vel tech multi tech Engineering college,,,,,PROPRES,,Tomans,,,,,,True,False
SPOT_091729,Member,Siva Kumar,monishmonishraj791@gmail.com,8110051876,Vel tech multi tech Engineering college,,,,,PROPRES,,Tomans,,,,,,True,False
SPOT_091729,Member,Praveen Kumar S,monishmonishraj791@gmail.com,9363344356,Vel tech multi tech Engineering college,,,,,PROPRES,,Tomans,,,,,,True,False
SPOT_091729,Member,Rajesh ,monishmonishraj791@gmail.com,7708271907,Vel tech multi tech Engineering college,,,,,PROPRES,,Tomans,,,,,,True,False
SPOT_091931,Team Leader,Ritchi,robertseds08@gmail.com,8122056371,Vel tech multi tech engineering college,,,,,FREEZEFRAME,,Ritchi,,,,,,True,False
SPOT_091934,Team Leader,Ritchi,robertseds08@gmail.com,8122056371,Vel tech multi tech engineering college,,,,,FREEZEFRAME,,Ritchi,,,,,,True,False
SPOT_092044,Team Leader,Mohammedumarfarook,mdfarook2008umar@gmail.com,9498451474,Vel tech multi tech Engineering college,,,,,FREEZEFRAME,,Mohammedumarfarook,,,,,,True,False
SPOT_092402,Team Leader,Sandhiya,sandhiyaperumal910@gmail.com,9003496005,Vel tech High tech Engineering college,,,,,HACKATHON,,Syntax squad,,,,,,True,False
SPOT_092402,Member,Sivaranjani SH,sandhiyaperumal910@gmail.com,7305756993,Vel tech High tech Engineering college,,,,,HACKATHON,,Syntax squad,,,,,,True,False
SPOT_092402,Member,Shyamala,sandhiyaperumal910@gmail.com,7339498570,Vel tech High tech Engineering college,,,,,HACKATHON,,Syntax squad,,,,,,True,False
SPOT_092402,Member,yuvashri N,sandhiyaperumal910@gmail.com,9342885479,Vel tech High tech Engineering college,,,,,HACKATHON,,Syntax squad,,,,,,True,False
SPOT_094502,Team Leader,Velaga Vhuvanesh,velagavhuvanesh2@gmail.com,6300467723,Vel tech Engineering college,,,,,PROPRES,,Titans,,,,,,True,False
SPOT_094609,Team Leader,Velaga Vhuvanesh,velagavhuvanesh2@gmail.com,6300467723,Vel tech Engineering college,,,,,PROPRES,,Titans,,,,,,True,False
SPOT_094609,Member,Akhileshaadityan S,velagavhuvanesh2@gmail.com,8653021509,Vel tech Engineering college,,,,,PROPRES,,Titans,,,,,,True,False
SPOT_094609,Member,Brindha A S,velagavhuvanesh2@gmail.com,7338910307,Vel tech Engineering college,,,,,PROPRES,,Titans,,,,,,True,False
SPOT_094609,Member,Nouf A,velagavhuvanesh2@gmail.com,8870413833,Vel tech Engineering college,,,,,PROPRES,,Titans,,,,,,True,False
SPOT_100511,Team Leader,Deepak ,5.8.2005deepak@gmail.com,9345277460,Vel tech multi tech Enginerring college,,,,,VISIONX,,Debar payalunga,,,,,,True,False
SPOT_100511,Member,Priyan,5.8.2005deepak@gmail.com,9345277460,Vel tech multi tech Enginerring college,,,,,VISIONX,,Debar payalunga,,,,,,True,False
SPOT_100553,Team Leader,Deepak ,5.8.2005deepak@gmail.com,9345277460,Vel tech multi tech Enginerring college,,,,,VISIONX,,Debar payalunga,,,,,,True,False
SPOT_100553,Member,Priyan,5.8.2005deepak@gmail.com,9345277460,Vel tech multi tech Enginerring college,,,,,VISIONX,,Debar payalunga,,,,,,True,False
SPOT_100553,Member,Balaji,5.8.2005deepak@gmail.com,9345277460,Vel tech multi tech Enginerring college,,,,,VISIONX,,Debar payalunga,,,,,,True,False
SPOT_100553,Member,Hari Krishan,5.8.2005deepak@gmail.com,9345277460,Vel tech multi tech Enginerring college,,,,,VISIONX,,Debar payalunga,,,,,,True,False
SPOT_100937,Team Leader,Logesh,logesh200418@gmail.com,9940359333,,,,,,VISIONX,,Justice League,,,,,,True,False
SPOT_100937,Member,Krishna Mohan,logesh200418@gmail.com,9940359333,,,,,,VISIONX,,Justice League,,,,,,True,False
SPOT_100937,Member,Sridhar,logesh200418@gmail.com,9940359333,,,,,,VISIONX,,Justice League,,,,,,True,False
SPOT_100937,Member,Lohith Vardhan,logesh200418@gmail.com,9940359333,,,,,,VISIONX,,Justice League,,,,,,True,False
SPOT_101259,Team Leader,Sugith Kumar,sugithjumar2007@gmail.com,9003281605,Vel tech multi tech Engineering college,,,,,VISIONX,,Team IT,,,,,,True,False
SPOT_101259,Member,Vishnu prasth,sugithjumar2007@gmail.com,9003281605,Vel tech multi tech Engineering college,,,,,VISIONX,,Team IT,,,,,,True,False
SPOT_101259,Member,Dinesh S,sugithjumar2007@gmail.com,9003281605,Vel tech multi tech Engineering college,,,,,VISIONX,,Team IT,,,,,,True,False
SPOT_101259,Member,Yogesh,sugithjumar2007@gmail.com,9003281605,Vel tech multi tech Engineering college,,,,,VISIONX,,Team IT,,,,,,True,False
SPOT_102020,Team Leader,Saravanan SS,saravanan15904@gmail.com,9042683097,vel tech multi tech engineering college,,,,,PROPRES,,Team Saro,,,,,,True,False
SPOT_102020,Member,Parthasarathy,saravanan15904@gmail.com,9025718562,vel tech multi tech engineering college,,,,,PROPRES,,Team Saro,,,,,,True,False
SPOT_102519,Team Leader,Nivetha,nivethanivetha35389@gmail.com,9025645377,St peter's engineering college,,,,,PROPRES,,Best of the best,,,,,,True,False
SPOT_102519,Member,Sadhana,nivethanivetha35389@gmail.com,6381519775,St peter's engineering college,,,,,PROPRES,,Best of the best,,,,,,True,False
SPOT_102519,Member,Shanthini,nivethanivetha35389@gmail.com,8124195910,St peter's engineering college,,,,,PROPRES,,Best of the best,,,,,,True,False
SPOT_103210,Team Leader,kanagavarshini,varshinithiralogachandar2006@gmail.com,7200826810,,,,,,PROPRES,,techy titans,,,,,,True,False
SPOT_103210,Member,Swetha S,varshinithiralogachandar2006@gmail.com,9345554069,,,,,,PROPRES,,techy titans,,,,,,True,False
SPOT_103210,Member,Hemapriya D M B,varshinithiralogachandar2006@gmail.com,9677905107,,,,,,PROPRES,,techy titans,,,,,,True,False
SPOT_103210,Member,Vijithaparvathi,varshinithiralogachandar2006@gmail.com,7339629262,,,,,,PROPRES,,techy titans,,,,,,True,False
SPOT_103716,Team Leader,Dharshini,dharshinivasu08@gmail.com,8148085886,Vel tech multi tech engineering college,,,,,VISIONX,,Sunshine,,,,,,True,False
SPOT_103716,Member,Suganya,dharshinivasu08@gmail.com,8870319064,Vel tech multi tech engineering college,,,,,VISIONX,,Sunshine,,,,,,True,False
SPOT_103716,Member,Kaviya,dharshinivasu08@gmail.com,7395952232,Vel tech multi tech engineering college,,,,,VISIONX,,Sunshine,,,,,,True,False
SPOT_104206,Team Leader,Mugilan,mugilans006@gamil.com,9080128192,vel tech multi tech Engineering college,,,,,PROPRES,,nova,,,,,,True,False
SPOT_104206,Member,Mohan S,mugilans006@gamil.com,9342821882,vel tech multi tech Engineering college,,,,,PROPRES,,nova,,,,,,True,False
SPOT_104206,Member,Abdul Rahaman,mugilans006@gamil.com,6369719527,vel tech multi tech Engineering college,,,,,PROPRES,,nova,,,,,,True,False
